Wall time,Step,Value
1543991290.0536988,70,8.156610488891602
1543991290.0538616,73,8.23841667175293
1543991290.0540164,76,8.325386047363281
1543991290.0541723,79,8.417304039001465
1543991290.05482,82,8.51396656036377
1543991290.055398,85,8.615178108215332
1543991290.0559578,88,8.720752716064453
1543991290.0565107,91,8.8305082321167
1543991290.057054,94,8.944269180297852
1543991290.0575955,97,9.061868667602539
1543991290.0581405,100,9.183140754699707
1543991290.0586874,103,9.307929039001465
1543991290.0592644,106,9.436079025268555
1543991290.0598109,109,9.56744384765625
1543991290.060351,112,9.701878547668457
1543991290.0608916,115,9.839245796203613
1543991290.061431,118,9.979410171508789
1543991290.0619707,121,10.122244834899902
1543991290.0625176,124,10.267622947692871
1543991290.0630798,127,10.415427207946777
1543991290.0636349,130,10.565543174743652
1543991290.0641959,133,10.717860221862793
1543991290.064749,136,10.872273445129395
1543991290.0652976,139,11.028681755065918
1543991290.06585,142,11.186990737915039
1543991290.0664048,145,11.347107887268066
1543991290.06696,148,11.508943557739258
1543991290.0675275,151,11.672416687011719
1543991290.068081,154,11.837449073791504
1543991290.0686324,157,12.003962516784668
1543991290.0692468,160,12.17188835144043
1543991290.0698264,163,12.341156005859375
1543991290.070363,166,12.511702537536621
1543991290.0708969,169,12.68346881866455
1543991290.0715456,172,12.856390953063965
1543991290.0719383,175,13.03041934967041
1543991290.0724437,178,13.205500602722168
1543991290.0729427,181,13.381584167480469
1543991290.073445,184,13.558625221252441
1543991290.0739481,187,13.736577033996582
1543991290.0744543,190,13.915398597717285
1543991290.0749578,193,14.095051765441895
1543991290.0754714,196,14.275496482849121
1543991290.075973,199,14.456698417663574
1543991290.076474,202,14.638625144958496
1543991290.0769756,205,14.821239471435547
1543991290.0774739,208,15.0045166015625
1543991290.0779667,211,15.188425064086914
1543991290.0784645,214,15.372939109802246
1543991290.078958,217,15.558030128479004
1543991290.079471,220,15.743675231933594
1543991290.0799654,223,15.929851531982422
1543991290.0804698,226,16.11653709411621
1543991290.0809627,229,16.303707122802734
1543991290.081566,232,16.491348266601562
1543991290.0819569,235,16.67943572998047
1543991290.0824664,238,16.867956161499023
1543991290.0829608,241,17.056888580322266
