Wall time,Step,Value
1546522177.703756,0,3.9914169311523438
47757359.618176,12.5,3.99
1547757359.618176,25,3.9941506385803223
1547770332.8579655,50,3.9903595447540283
1547783924.8175645,60,3.9944751262664795
1547801725.7899368,70,3.9928202629089355
1547730727.473075,73,3.9973020553588867
