Wall time,Step,Value
1546510122.5297925,0,3.6275742053985596
1546510122.5297925,12.5,3.50
1547745195.6957912,25,3.4552788734436035
1547758091.451266,50,3.425774335861206
1547771285.6525323,60,3.413278579711914
1547785122.5139813,70,3.40159010887146
1547771770.1578414,73,3.3976826667785645
