Wall time,Step,Value
1548204176,200,1.851625323
1548204009,225,2.078533888
1548204009,250,2.3008
2,275,2.5161
2,300,2.7211
2,325,2.9114
2,350,3.0892
2,375,3.2459
2,400,3.37
2,425,3.47
2,450,3.53
2,475,3.58
2,500,3.6