Wall time,Step,Value
1548202322.9585571,1,3.6295278072357178
1548202332.8687165,2,1.9841053485870361
1548202347.4699986,3,1.5689446926116943
1548202369.0122905,4,1.4406718015670776
1548202395.6574378,5,1.3977677822113037
1548202428.9190583,6,1.3754165172576904
1548202468.8176208,7,1.3617162704467773
1548202515.4101708,8,1.3575506210327148
1548202570.2373223,9,1.3605079650878906
1548202632.5832102,10,1.3744583129882812
