Wall time,Step,Value
1548202322.9588459,1,2.859562635421753
1548202332.8688016,2,7.173130035400391
1548202347.4702823,3,11.846380233764648
1548202369.0123696,4,18.49808120727539
1548202395.6575148,5,23.602577209472656
1548202428.919136,6,30.219022750854492
1548202468.8177073,7,36.85390853881836
1548202515.410248,8,43.55009460449219
1548202570.2376118,9,51.77976989746094
