Wall time,Step,Value
1548204176,200,1880.447876
1548204009,225,435.6259766
1548203571,250,131.5466309
1548203436,275,48.25694656
1548203385,300,21.59134865
1548203360,325,10.62404251
1548203346,350,6.373840332
1548203337,375,4.781546593
22,400,3.8
2,425,3.6
2,450,3.31
2,475,3.31
2,500,3.31